cluster2,cliente_antiguedad_lag1_mean,cliente_antiguedad_delta1_mean,cliente_antiguedad_lag3_mean,cliente_antiguedad_delta3_mean,cliente_antiguedad_lag6_mean,cliente_antiguedad_delta6_mean,cliente_antiguedad_lag1_std,cliente_antiguedad_delta1_std,cliente_antiguedad_lag3_std,cliente_antiguedad_delta3_std,cliente_antiguedad_lag6_std,cliente_antiguedad_delta6_std
1,132.243055555556,1,129.342592592593,3,125.615740740741,6.03125,85.4664182140152,0,84.624044810742,0,83.0372909423956,0.918558653543692
2,81.7951482479784,1,79.7951482479784,3,76.9029649595687,6,67.1380270718435,0,67.1380270718435,0,67.1092797131491,0
3,86.3277027027027,1,84.3277027027027,3,81.633445945946,6,69.3015239939038,0,69.3015239939038,0,69.1412573281996,0
4,92.9007633587786,1,90.9007633587786,3,87.9443838604144,6,75.5042291064134,0,75.5042291064134,0,75.4763487317629,0
5,107.257821552723,1,105.628910776362,2.98783314020857,103.630069524913,5.99275782155272,80.5370745815574,0,79.8102567917425,0.714848313448287,78.2267887846941,0.765228652131586
6,117.531730769231,1,115.768269230769,3,113.045192307692,6,79.5493500189387,0,78.7597995056854,0,78.1031183082476,0
7,75.9864498644986,1,77.5271002710027,2.96612466124661,80.159891598916,5.68292682926829,74.907087310255,0,73.2101300721138,0.920262717290388,70.2567990962834,4.37890045213096
