cluster2,cliente_edad_lag1_mean,cliente_edad_delta1_mean,cliente_edad_lag3_mean,cliente_edad_delta3_mean,cliente_edad_lag6_mean,cliente_edad_delta6_mean,cliente_edad_lag1_std,cliente_edad_delta1_std,cliente_edad_lag3_std,cliente_edad_delta3_std,cliente_edad_lag6_std,cliente_edad_delta6_std
1,50.162037037037,0.0821759259259259,49.9699074074074,0.255787037037037,49.5775462962963,0.450231481481482,15.1835168148782,0.274791629177669,15.0859729186484,0.436555389530821,14.8016160684081,0.504739935908744
2,43.800539083558,0,43.6388140161725,0.161725067385445,43.345013477089,0.431266846361186,12.0925753289769,0,12.0758415383737,0.36869564081925,12.1076074226008,0.495922031203496
3,44.9949324324324,0.0962837837837838,44.8310810810811,0.260135135135135,44.6452702702703,0.503378378378378,13.6746696552989,0.295229482351068,13.6766569140766,0.439079157148552,13.6254903671057,0.500411409833731
4,46.7371864776445,0.0937840785169029,46.5779716466739,0.252998909487459,46.3424209378408,0.484187568157034,13.3526105072863,0.291687173998939,13.3550636025775,0.43496756516998,13.3319427878863,0.50002261928998
5,47.090382387022,0.078505214368482,46.8354577056779,0.240150637311703,46.5999420625724,0.462630359212051,13.7592602119726,0.284703777236219,13.6105382575219,0.549469626963892,13.3585132179849,0.607157949404813
6,47.9461538461539,0.0894230769230769,47.7673076923077,0.252884615384615,47.5,0.458653846153846,14.6739010854584,0.285490736085969,14.4340686331534,0.434874497791599,14.2012891008896,0.498527297349613
7,45.8644986449865,0.0718157181571816,45.7466124661247,0.230352303523035,45.4457994579946,0.430894308943089,13.138880841816,0.258357632226743,12.7744028599239,0.424551976161695,12.3218007359429,0.500983577698517
