cluster2,cpayroll_trx_delta1_mean,cpayroll_trx_delta1_std,cpayroll_trx_delta3_mean,cpayroll_trx_delta3_std,cpayroll_trx_delta6_mean,cpayroll_trx_delta6_std,cpayroll_trx_lag1_mean,cpayroll_trx_lag1_std,cpayroll_trx_lag3_mean,cpayroll_trx_lag3_std,cpayroll_trx_lag6_mean,cpayroll_trx_lag6_std
1,-0.104166666666667,0.51018025578724,-0.121527777777778,0.589832334066023,-0.116898148148148,0.572843618422081,0.252314814814815,0.738759232233454,0.267361111111111,0.75139081805163,0.255787037037037,0.711168203840624
2,-0.00539083557951483,0.127228442434996,-0.0269541778975741,0.273764834084195,-0.194070080862534,0.701401982476058,0.0161725067385445,0.17936046266221,0.0377358490566038,0.28222905262181,0.204851752021563,0.713634145889443
3,-0.00506756756756757,0.0710662960814992,-0.0557432432432433,0.417794695679214,-0.214527027027027,0.675602216247292,0.0101351351351351,0.129682608704175,0.0608108108108108,0.427107714376459,0.219594594594595,0.680216824572113
4,0,0.0467269313515998,-0.00109051254089422,0.0572181671711996,-0.00872410032715376,0.147505485048569,0.00109051254089422,0.0330229093341913,0.00218102508178844,0.0466759472323783,0.00981461286804798,0.143686903692651
5,-0.0327346465816918,0.570018068449426,-0.093279258400927,0.637376377362583,-0.163093858632677,0.89384030721944,0.15324449594438,0.603268807917361,0.206836616454229,0.661548690066134,0.267670915411356,0.957617067231409
6,-0.0221153846153846,0.334841329917946,-0.075,0.506122286615263,-0.0942307692307692,0.489313502933857,0.0644230769230769,0.34918253752193,0.114423076923077,0.509187631551738,0.132692307692308,0.505683255504333
7,-0.002710027100271,0.0901873517006876,-0.037940379403794,0.282789145206818,-0.0948509485094851,0.715557333810929,0.0121951219512195,0.132250348009992,0.046070460704607,0.317797722751783,0.102981029810298,0.785013496443812
