cluster2,cproductos_lag1_mean,cproductos_delta1_mean,cproductos_lag3_mean,cproductos_delta3_mean,cproductos_lag6_mean,cproductos_delta6_mean,cproductos_lag1_std,cproductos_delta1_std,cproductos_lag3_std,cproductos_delta3_std,cproductos_lag6_std,cproductos_delta6_std
1,7.24768518518519,-0.0925925925925926,7.28009259259259,-0.115740740740741,7.30439814814815,-0.137731481481482,1.33714010129347,0.444605352615403,1.3350683156331,0.574088956255043,1.33625065084995,0.68132679647612
2,5.6010781671159,-0.22911051212938,6.10512129380054,-0.733153638814016,6.66576819407008,-1.28571428571429,1.25090191109083,0.59621691696763,1.46388992122504,1.06362741170295,1.6689171566769,1.52963013168816
3,5.29898648648649,-0.297297297297297,5.94425675675676,-0.942567567567568,6.69425675675676,-1.68074324324324,1.08993192160139,0.628800695110971,1.38590955734445,1.08990700894668,1.69285373301286,1.52622892868766
4,5.8495092693566,-0.104689203925845,6.05125408942203,-0.306434023991276,6.22355507088332,-0.473282442748092,1.16594334577547,0.367853796105303,1.18053308299284,0.733547371282414,1.21722140920508,0.948795731674991
5,6.64513325608343,-0.572421784472769,7.00898030127462,-0.920915411355736,7.2045191193511,-1.09646581691773,1.38044128845976,0.910496846268642,1.43463002828962,1.1780630227002,1.47828966601208,1.33309053071178
6,7.10288461538462,-0.116346153846154,7.19423076923077,-0.191346153846154,7.24903846153846,-0.241346153846154,1.24326534038257,0.448419441547597,1.28167861862452,0.607082132401261,1.31640242334705,0.714501323898265
7,5.87127371273713,-0.0569105691056911,6.07994579945799,-0.208672086720867,6.3319783197832,-0.397018970189702,1.12981729212388,0.374944149794079,1.16150559537006,0.598351986647788,1.16464500193553,0.911760521158697
