cluster2,ctarjeta_visa_transacciones_lag1_mean,ctarjeta_visa_transacciones_delta1_mean,ctarjeta_visa_transacciones_lag3_mean,ctarjeta_visa_transacciones_delta3_mean,ctarjeta_visa_transacciones_lag6_mean,ctarjeta_visa_transacciones_delta6_mean,ctarjeta_visa_transacciones_lag1_std,ctarjeta_visa_transacciones_delta1_std,ctarjeta_visa_transacciones_lag3_std,ctarjeta_visa_transacciones_delta3_std,ctarjeta_visa_transacciones_lag6_std,ctarjeta_visa_transacciones_delta6_std
1,10.9988425925926,-0.545138888888889,10.7118055555556,-0.883101851851852,12.75,-1.84722222222222,11.4681784957314,7.40456778499984,10.9547282649821,8.10441658106208,12.4965812242518,10.5940489937822
2,0.00539083557951483,0,0.929919137466307,0,4.56873315363881,0,0.0733230233529977,0,4.28831785126098,0,10.2243743355241,0
3,0,0,0.976351351351351,-0.976351351351351,5.66722972972973,-5.66047297297297,0,0,3.64166268874682,3.64166268874682,10.9118483126633,10.9150507762292
4,0.00763358778625954,-0.00436205016357688,0.263904034896401,-0.256270447110142,0.628135223555071,-0.616139585605234,0.0988280943511228,0.065937576336144,1.78791895067611,1.77278567364542,2.35917657144007,2.32296328928735
5,1.9481460023175,-1.45191193511008,4.21147161066049,-3.60428736964079,6.08806488991889,-5.20104287369641,6.18247863366759,5.74905072937854,9.83084439475202,9.49641083577304,11.9185056146396,11.5574294076743
6,2.75673076923077,0.0711538461538462,3.52884615384615,-0.843269230769231,4.89903846153846,-1.87019230769231,3.64596008110457,4.64637197050983,4.98246536679035,5.2455997311625,5.93989780930992,6.88258993666788
7,0.021680216802168,0,0.199186991869919,-0.199186991869919,0.929539295392954,-0.776422764227642,0.588968139065848,0,1.53728845151729,1.53728845151729,3.25454197669979,3.27071412749508
