cluster2,ctrx_quarter_lag1_mean,ctrx_quarter_delta1_mean,ctrx_quarter_lag3_mean,ctrx_quarter_delta3_mean,ctrx_quarter_lag6_mean,ctrx_quarter_delta6_mean,ctrx_quarter_lag1_std,ctrx_quarter_delta1_std,ctrx_quarter_lag3_std,ctrx_quarter_delta3_std,ctrx_quarter_lag6_std,ctrx_quarter_delta6_std
1,75.3078703703704,-2.68287037037037,77.8576388888889,-6.7662037037037,86.1840277777778,-9.70138888888889,89.3228816158768,16.1320272077795,91.5150924973007,51.1982579225934,89.6945230315534,77.4386982039909
2,9.38544474393531,-1.01078167115903,21.1805929919138,-4.00539083557952,51.4797843665768,-8.02425876010782,13.3796821965264,0.328620677226774,30.7870146490166,0.727805324298983,66.4359597837332,1.36835042844456
3,11.3716216216216,-2.78547297297297,22.5456081081081,-16.5506756756757,53.070945945946,-47.3699324324324,14.2945946763034,6.95522969286325,34.2884343758604,29.864456340335,66.2782554153113,62.4047969976692
4,9.70010905125409,-0.996728462377317,12.5321701199564,-3.81570338058888,15.4209378407852,-7.67611777535442,9.09403386584635,3.73625431043668,15.8933502401945,12.9032279005113,25.2928161347801,23.378992711315
5,37.7757821552723,-7.71581691772885,51.994785631518,-21.361819235226,65.0408458864427,-32.9064310544612,50.6178529779849,21.9107156428433,66.5282894885492,47.723690034283,77.757648375101,62.4624158851728
6,36.0538461538462,-3.30865384615385,41.8951923076923,-9.125,49.2298076923077,-14.9048076923077,37.454225956202,12.2470527229939,43.4837327117864,28.0688646827998,50.8732036047102,39.116316462954
7,7.20325203252033,-1.28319783197832,12.8184281842818,-6.00813008130081,20.6978319783198,-13.5650406504065,8.26211640131817,4.15275025396422,15.7922257885037,13.3255832347971,28.510694904244,27.3224222920181
