cluster2,mactivos_margen_lag1_mean,mactivos_margen_delta1_mean,mactivos_margen_lag3_mean,mactivos_margen_delta3_mean,mactivos_margen_lag6_mean,mactivos_margen_delta6_mean,mactivos_margen_lag1_std,mactivos_margen_delta1_std,mactivos_margen_lag3_std,mactivos_margen_delta3_std,mactivos_margen_lag6_std,mactivos_margen_delta6_std
1,-367.755028935186,-48.8709143518519,-401.326412037035,7.45982638888889,-385.066504629629,5.99825231481487,1981.232901644,1812.11431925733,2079.4939657,2207.21804867404,2372.11459693272,2658.39619718728
2,-940.719043126684,3.46889487870621,1176.44916442049,0.512938005390835,326.344555256065,18.8868463611861,6362.61410647442,0.300419737449751,5492.5555409194,38.963686825999,4312.78753947024,28.0303467118129
3,-3.4431081081078,-2251.86494932433,2079.43751689189,-4455.16996621621,466.547550675676,-2619.95221283784,8249.57831093268,9132.89773394673,9047.68258341411,13236.5915360865,4089.7526069141,7607.38042020941
4,187.531363140676,-40.0490839694657,82.3376008724102,60.8680043620502,42.5864231188659,100.432988004362,2453.60817439023,2495.04837657243,530.425434216207,597.719949095725,1118.55727059705,1170.78274011282
5,871.220157879494,816.183525492479,544.63860950173,912.507911355736,144.098441483198,1741.71026651216,5801.74755477225,7471.14722321487,3740.9064948148,7229.20951720726,2704.2031497335,9384.94956994259
6,-46.7671634615384,36.793173076923,-78.9356249999999,54.6564326923076,-164.091980769231,176.894692307693,888.203721593765,697.285943602238,948.118144184394,750.813617022953,923.841605209671,1040.07717112333
7,-721.950318428186,441.513360433603,-79.3446341463411,-171.595230352304,91.4807181571815,-443.93359078591,11661.8184666398,11633.7083984752,1339.82221725349,1712.54144287772,1481.73559954031,2445.60520472566
