cluster2,mcuentas_saldo_lag1_mean,mcuentas_saldo_delta1_mean,mcuentas_saldo_lag3_mean,mcuentas_saldo_delta3_mean,mcuentas_saldo_lag6_mean,mcuentas_saldo_delta6_mean,mcuentas_saldo_lag1_std,mcuentas_saldo_delta1_std,mcuentas_saldo_lag3_std,mcuentas_saldo_delta3_std,mcuentas_saldo_lag6_std,mcuentas_saldo_delta6_std
1,58300.670920139,-14889.9418865741,81134.3697800928,-41726.8378819444,103663.256342593,-54749.7895370369,276112.304325897,113463.781517386,376627.271409541,343907.227656025,426246.137190368,339719.325086314
2,-85904.4868059299,-508.627951482483,-43740.8625606469,-2031.39471698114,10310.7278706199,-3346.47549865228,232192.99579139,78.3725116048458,166783.578149626,762.645414868615,98700.5334958799,484.105639452468
3,-142075.25883446,-1853.00023648649,-61625.488597973,-93823.4460304054,3694.22356418918,-163007.793766892,372320.726159806,30536.914252303,256446.015094877,285838.403235403,75555.3573649351,386329.101624535
4,-3392.25405670665,-1840.30406761177,-488.176679389313,-5110.02833151581,4725.56844056707,-10569.6748636859,8184.50800422404,9760.5241493005,12559.481189241,14346.8389877533,37533.6749505856,38232.0147095826
5,21574.9965860371,-28793.827349363,27846.161173233,-38323.7090903823,52687.8180417155,-54671.2344988405,292266.540731304,166614.746204915,200796.685004581,492816.092797479,269751.929676666,518278.686040646
6,20672.4361153846,-3833.92097115384,26066.6455625,-9885.40164423073,43931.9276057692,-25318.3768846154,128318.364512731,75575.5388682444,152668.253190122,98293.8860104708,232853.360245524,208522.822629322
7,153.40237804878,-353.287777777778,2442.57234417344,-3026.43294037941,25642.5564769647,-26310.6021409215,7898.15031357029,6557.69487657353,23282.2601662253,22886.9989005699,525573.840231473,525718.558206837
