cluster2,mpagomiscuentas_lag1_mean,mpagomiscuentas_delta1_mean,mpagomiscuentas_lag3_mean,mpagomiscuentas_delta3_mean,mpagomiscuentas_lag6_mean,mpagomiscuentas_delta6_mean,mpagomiscuentas_lag1_std,mpagomiscuentas_delta1_std,mpagomiscuentas_lag3_std,mpagomiscuentas_delta3_std,mpagomiscuentas_lag6_std,mpagomiscuentas_delta6_std
1,7978.40606481482,-3414.39215277778,11597.3128819445,-7056.32298611111,8103.03269675925,-3731.04909722222,85731.7764006598,82085.6271930443,126374.172539032,124265.793692021,70522.3364306182,68222.8353044506
2,143.577681940701,-142.000862533693,330.203018867925,-328.626199460916,1363.43649595687,-1361.85967654987,1576.82214521744,1575.00198384974,3307.58984845094,3307.37314931341,7976.64349270636,7975.94583237502
3,28.0781756756757,-28.0781756756757,366.700709459459,-366.700709459459,1268.69320945946,-1268.69320945946,683.171499676524,683.171499676524,5412.40445668078,5412.40445668078,5976.66130529697,5976.66130529697
4,88.2600218102509,-33.5114830970556,268.546041439477,-213.797502726281,177.074318429662,-122.325779716467,1085.03702678555,845.479853462199,3409.65827465657,3402.32211223221,1878.30266816341,1377.76571306122
5,2171.69713499421,-166.956593279258,2679.06222190035,-725.697925840093,3380.35646292005,-1469.12521726535,13329.8252649405,15819.2417379171,19143.9025571273,18682.7818009401,21788.981161799,21468.9985069029
6,1883.90659615385,-281.170903846154,2824.44835576923,-1232.67957692308,2774.93124038461,-1186.02927884615,17999.6301395215,19839.1088432031,27255.0691603984,27401.2865121345,14633.4379672026,13284.9542246187
7,9.80672086720867,-9.11051490514905,61.7593089430894,-61.0631029810298,400.512046070461,-399.815840108401,190.281343813878,191.102609423221,656.329410088419,656.227002699865,3067.13875631054,3067.2786193789
