cluster2,mpayroll_lag1_mean,mpayroll_delta1_mean,mpayroll_lag3_mean,mpayroll_delta3_mean,mpayroll_lag6_mean,mpayroll_delta6_mean,mpayroll_lag1_std,mpayroll_delta1_std,mpayroll_lag3_std,mpayroll_delta3_std,mpayroll_lag6_std,mpayroll_delta6_std
1,19527.1717013889,-8323.58893518518,36768.504224537,-25597.4214583333,18475.5705208333,-7507.18037037037,120059.960056986,124337.888080387,430704.309124709,432236.944212644,105854.992981763,113944.537456598
2,355.338787061995,-272.173288409704,1174.80590296496,-1091.64040431267,8116.46668463612,-8033.30118598383,4239.60494900376,3890.42711352678,8461.4531765133,7953.51600784992,37608.5251205244,37392.6725762217
3,269.532584459459,-21.0224493243243,4685.11702702703,-4436.60689189189,9177.97535472973,-8929.4652195946,4341.56217149307,343.524966692914,63541.2317427848,63457.0531377018,37920.8487419126,37797.5646494564
4,24.5508615049073,-20.0852126499455,79.0368811341331,-74.5712322791712,373.750196292257,-369.284547437296,743.449381047956,755.793175858099,1725.05793438853,1730.55435673331,5150.47845020609,5152.57768661051
5,8855.86427867903,7281.30336326767,11262.6076564311,4737.76689165701,11438.3116425261,4303.0264774044,62793.6608871246,412612.934008848,70284.4880065683,420560.70334272,40232.2755590477,418194.452435329
6,3087.86207692308,-89.3091538461539,5422.00681730769,-2620.01791346154,5794.77593269231,-3092.72192307692,20496.0643728246,40792.5164628583,31657.5598323171,47879.9724258447,25075.5096714191,43251.5666813647
7,113.403021680217,-78.6262601626016,1908.30692411924,-1873.53016260163,4590.18127371274,-4555.40451219512,1574.99849010544,1431.85694916184,20393.8012751318,20357.6243635758,35766.6789929823,35679.2737855326
