cluster2,mtarjeta_visa_consumo_lag1_mean,mtarjeta_visa_consumo_delta1_mean,mtarjeta_visa_consumo_lag3_mean,mtarjeta_visa_consumo_delta3_mean,mtarjeta_visa_consumo_lag6_mean,mtarjeta_visa_consumo_delta6_mean,mtarjeta_visa_consumo_lag1_std,mtarjeta_visa_consumo_delta1_std,mtarjeta_visa_consumo_lag3_std,mtarjeta_visa_consumo_delta3_std,mtarjeta_visa_consumo_lag6_std,mtarjeta_visa_consumo_delta6_std
1,24179.9554282408,-1226.24400462963,22737.5691898148,-429.304270833334,23737.1039351852,1467.52231481482,38124.8917979709,30515.719377766,53934.3769000343,37376.081129764,34414.9283133858,41846.9734302522
2,6.28420485175202,0,1402.00676549865,0,9242.77345013478,0,101.083824332733,0,6655.70652461758,0,31091.5143492146,0
3,0,0,1737.74503378378,-1737.74503378378,10035.2094594595,-10030.5272297297,0,0,9916.26290369859,9916.26290369859,28033.914839436,28035.5353515978
4,8.6911014176663,-7.03657579062159,410.924634678299,-406.204154852781,942.917568157034,-934.344503816794,129.289113444352,118.410020658771,2643.94510131506,2637.30956601226,4003.24246665557,3993.5762392847
5,3421.73068076478,-2505.75256373117,8074.2169032445,-7109.49009269989,11174.4074652375,-9617.85015932793,12856.6816950228,11593.6792291711,27088.7347558923,26543.8231360705,33165.3864030435,31834.7544087483
6,4788.119,-568.130788461536,5758.72899038462,-1848.64795192308,7502.25757692307,-3168.818,15141.8599682612,16692.4168428829,11794.0166213531,12946.2725357952,12085.8037032223,13846.0537195719
7,95.5019918699187,0,367.89108401084,-367.89108401084,1464.56394308943,-1352.43132791328,2594.42195352415,0,3002.81739503942,3002.81739503942,6673.03468148666,6687.83887391543
