cluster2,mtransferencias_emitidas_lag1_mean,mtransferencias_emitidas_delta1_mean,mtransferencias_emitidas_lag3_mean,mtransferencias_emitidas_delta3_mean,mtransferencias_emitidas_lag6_mean,mtransferencias_emitidas_delta6_mean,mtransferencias_emitidas_lag1_std,mtransferencias_emitidas_delta1_std,mtransferencias_emitidas_lag3_std,mtransferencias_emitidas_delta3_std,mtransferencias_emitidas_lag6_std,mtransferencias_emitidas_delta6_std
1,40271.6485300926,13853.0336226852,43447.6552546297,10448.0158217593,27716.5515740741,25224.559224537,289061.954316142,233411.758672636,279023.336575316,260962.854289351,160838.48801865,319377.644967297
2,662.318679245283,-639.374555256065,1146.16803234501,-1123.2239083558,6920.69485175202,-6897.7507277628,6270.82335844346,6231.56870178115,10471.8959579871,10462.9044649224,33342.8574858835,33325.5054189133
3,112.314307432432,-112.314307432432,1204.60912162162,-1204.60912162162,5667.95091216216,-5667.95091216216,2732.19318784596,2732.19318784596,12679.1115553615,12679.1115553615,37843.0230657231,37843.0230657231
4,629.212529989095,-489.181559432933,578.18760087241,-438.156630316249,994.700359869138,-854.669389312977,5531.52156711329,5071.61642629503,5191.39162925333,4478.64042607902,9259.01836321505,9201.19592491172
5,13306.9306431055,-82.5687804171501,10459.0420422943,2438.28420336037,10055.4349797219,2262.13215237543,85575.078481812,95208.8972351492,65015.7711985294,77861.3397636125,52860.4988632468,77833.5671103161
6,6262.29972115385,8323.06370192307,9910.28804807692,4363.48908653846,11422.739875,2787.358625,25107.3544104037,92893.8133192945,73066.963584434,101348.937427303,91151.6264403209,124570.650494576
7,671.011666666667,-608.691720867209,3433.3118699187,-3370.99192411924,3206.92802168022,-3149.27925474255,6283.32301382924,6318.8522444368,55294.2312892193,55300.5297437785,24955.0836040118,24968.5438345078
