cluster2,mtransferencias_recibidas_lag1_mean,mtransferencias_recibidas_delta1_mean,mtransferencias_recibidas_lag3_mean,mtransferencias_recibidas_delta3_mean,mtransferencias_recibidas_lag6_mean,mtransferencias_recibidas_delta6_mean,mtransferencias_recibidas_lag1_std,mtransferencias_recibidas_delta1_std,mtransferencias_recibidas_lag3_std,mtransferencias_recibidas_delta3_std,mtransferencias_recibidas_lag6_std,mtransferencias_recibidas_delta6_std
1,60637.407037037,-7450.40666666666,65755.5940972222,-12854.7784606482,48713.5969560185,1876.66350694444,241354.128228736,184173.42715847,272293.822627659,225599.514671668,246304.868230324,265979.353684226
2,1664.61105121294,-1049.13908355795,2752.51140161725,-2137.03943396226,14031.6648247978,-13416.1928571429,7794.22497140853,7994.96123697286,11995.1116408442,12138.6932881268,44913.662631457,44893.6292643734
3,2895.09393581081,-2714.08023648649,10039.8677195946,-9858.85402027027,23667.292972973,-23486.2792736486,57388.9892335026,57375.5371936006,100721.437254846,100727.130246759,122560.516184688,122530.124789304
4,1788.32763358779,-414.962093784079,2477.43703380589,-1104.07149400218,3608.33659760087,-2254.56249727372,11630.8247833238,6787.81522051359,9165.78275204877,13846.3834523066,13552.3013008762,17459.3858365599
5,30340.3490701043,7031.25463499421,35575.4357415991,1343.67845307068,31280.9704142526,4465.08973059096,358560.498091445,442726.485902752,567554.142530234,563994.052828839,239205.718946814,468421.729930244
6,18806.8719807693,6016.10502884616,23154.6551153846,325.699798076926,27135.7240480769,-3805.63031730769,104970.611047217,121775.997245538,152528.357494004,203444.362683326,151044.971651347,164940.891027628
7,1433.81741192412,-1058.03746612466,3702.52318428184,-3342.59689701897,5737.92016260163,-5377.99387533876,8997.51201220947,8839.94689776409,23445.8233990172,23368.8072874445,32752.782147177,32610.3670531793
