cluster2,thomebanking_lag1_mean,thomebanking_delta1_mean,thomebanking_lag3_mean,thomebanking_delta3_mean,thomebanking_lag6_mean,thomebanking_delta6_mean,thomebanking_lag1_std,thomebanking_delta1_std,thomebanking_lag3_std,thomebanking_delta3_std,thomebanking_lag6_std,thomebanking_delta6_std
1,0.800925925925926,0.0381944444444444,0.80787037037037,0.0324074074074074,0.784722222222222,0.0462962962962963,0.399535157565938,0.366214519846165,0.394202601680979,0.389747805365825,0.411252972437575,0.408694822425418
2,0.291105121293801,0.00269541778975741,0.274932614555256,0.00269541778975741,0.415094339622642,0.00539083557951483,0.454885334230535,0.0519174131651165,0.447083260023092,0.0519174131651165,0.493403709760792,0.0733230233529977
3,0.310810810810811,-0.00337837837837838,0.241554054054054,-0.109797297297297,0.376689189189189,-0.266891891891892,0.463216903673741,0.30780386673617,0.428387308094554,0.419215235890629,0.48496569699336,0.500137174213829
4,0.38495092693566,0.0261723009814613,0.386041439476554,0.0130861504907306,0.333696837513631,0.0141766630316249,0.486849244072366,0.461831205077156,0.48710593795133,0.513829451717286,0.471790198034681,0.555653460245447
5,0.626882966396292,0.0338933951332561,0.621958285052144,0.0153534183082271,0.653534183082271,-0.0191193511008111,0.483702894865068,0.411031056423899,0.484968359249858,0.474253449177439,0.47591266708879,0.510889282928303
6,0.690384615384615,0.0692307692307692,0.719230769230769,0.0490384615384615,0.670192307692308,0.0701923076923077,0.462557486637618,0.452790922453817,0.449591178443002,0.45647837906092,0.470369340206621,0.509652697933161
7,0.39159891598916,0.0365853658536585,0.451219512195122,0.0013550135501355,0.495934959349594,-0.037940379403794,0.488438812872325,0.488694707487324,0.4979522550977,0.503715698316617,0.500322562002667,0.557345995031212
