cluster2,Visa_mpagominimo_lag1_mean,Visa_mpagominimo_delta1_mean,Visa_mpagominimo_lag3_mean,Visa_mpagominimo_delta3_mean,Visa_mpagominimo_lag6_mean,Visa_mpagominimo_delta6_mean,Visa_mpagominimo_lag1_std,Visa_mpagominimo_delta1_std,Visa_mpagominimo_lag3_std,Visa_mpagominimo_delta3_std,Visa_mpagominimo_lag6_std,Visa_mpagominimo_delta6_std
1,5247.80208333333,253.41875,4022.51145833333,1466.26458333333,3768.76770833334,1634.64166666667,17471.2223274696,15264.5437358357,11136.6487126644,15987.9649093742,11497.5999601997,16641.567006288
2,380.23423180593,-0.630727762803235,15353.1121293801,-10384.7749326146,8725.92938005393,-6037.13692722372,7307.38995023517,8.74959917282764,59280.2266609172,50779.0485661647,27163.5912071083,23710.1354124693
3,6048.9,0,26203.2962837838,-101.821621621622,12205.9854729729,-15.7317567567568,54516.9933497851,0,134159.53502541,2277.07004823611,38844.55793616,193.428741772722
4,6.57088331515813,-0.293456924754635,108.272846237732,-21.026826608506,332.614285714285,-58.6275899672846,72.3778176332658,6.74492213510856,793.626369991666,155.182543938753,2451.23515861729,438.908507381094
5,13850.5398435689,6861.46765063732,9087.81197276941,13263.3849304751,6278.55812862115,15871.60349073,80882.8132058658,68160.7784978399,48049.5220894806,94318.0385059916,29341.4401549112,101640.039930959
6,1160.81325,219.720375,1018.962,334.009125000001,1024.02,324.406125,5487.59924379876,4827.40245226011,3384.61661187594,5925.49431896286,3096.59599350502,6595.28006761845
7,10.7329268292683,0,310.74756097561,-13.8878048780488,726.637574525741,-44.4229403794038,209.373137885976,0,3126.76278517629,147.528361830628,7083.0622475604,480.181442471548
