cluster2,Visa_mfinanciacion_limite_lag1_mean,Visa_mfinanciacion_limite_delta1_mean,Visa_mfinanciacion_limite_lag3_mean,Visa_mfinanciacion_limite_delta3_mean,Visa_mfinanciacion_limite_lag6_mean,Visa_mfinanciacion_limite_delta6_mean,Visa_mfinanciacion_limite_lag1_std,Visa_mfinanciacion_limite_delta1_std,Visa_mfinanciacion_limite_lag3_std,Visa_mfinanciacion_limite_delta3_std,Visa_mfinanciacion_limite_lag6_std,Visa_mfinanciacion_limite_delta6_std
1,305765.709571759,3631.1119212963,297509.050983796,10513.0205092593,282251.841122685,22147.8038425926,409223.063511522,12137.3615137581,394924.09885472,33051.999715452,369142.158596022,68369.5055109539
2,151985.246846361,-934.830727762803,157525.673692722,-3633.46663072776,194330.648301887,-29026.3810512129,148330.414302426,10868.2988302228,168760.031455691,34526.474030313,261410.889994399,172925.654409237
3,113915.895236486,-6456.73986486487,127603.719594595,-7131.76266891892,161769.690827703,-7323.86402027027,63687.208024401,33499.0370344194,119919.375254301,33970.0699723109,183117.429447882,34155.2852336658
4,166475.106314068,406.356281352236,170631.352551799,1411.48595419847,172350.698527808,3014.9738604144,172255.213017824,6486.47777222297,182048.593308154,11199.1815667492,181470.018541823,20084.2320900051
5,215980.010926999,-15559.5410573581,226130.188261877,-19962.0680098494,225936.227274044,-17931.6257560834,283863.319713901,105655.61454288,293264.110902785,123544.852488742,285357.161983613,131428.988609233
6,252967.665298077,1897.75781730769,247903.3265,5637.74661538462,241288.427538461,11266.6140576923,310965.624660663,9888.3420098322,303543.562714999,24308.757759478,293550.028210477,43335.8436372126
7,188619.831097561,1287.2431300813,189573.209336043,3429.01804878049,190177.513550136,6358.07357723578,249128.062929668,8156.69788364624,245574.577486611,19087.4368716421,256879.341318503,37404.9492584544
