cluster2,Visa_msaldopesos_lag1_mean,Visa_msaldopesos_delta1_mean,Visa_msaldopesos_lag3_mean,Visa_msaldopesos_delta3_mean,Visa_msaldopesos_lag6_mean,Visa_msaldopesos_delta6_mean,Visa_msaldopesos_lag1_std,Visa_msaldopesos_delta1_std,Visa_msaldopesos_lag3_std,Visa_msaldopesos_delta3_std,Visa_msaldopesos_lag6_std,Visa_msaldopesos_delta6_std
1,31268.0295486111,-790.698807870371,28562.2072106482,1777.15998842593,30559.4322164352,-1279.84950231482,53631.4968478625,35472.7698899253,69378.2254260415,63056.8374587311,57516.6167537779,51032.5008417849
2,1168.4816981132,-6.6977358490566,31509.9858760109,-17206.388032345,34052.1838948787,-21036.7308086253,19549.5605019185,103.918004106904,111002.975575419,75939.8574271754,91814.3810882828,75227.6612266936
3,7659.16761824323,0,39374.9670101353,-256.322652027027,45721.0915456081,-111.044543918919,59867.3593177927,0,147071.686503292,5105.62360014904,118696.412674643,1245.69227230185
4,7.19948745910585,-3.52907306434024,1044.01834242094,-182.769345692475,2138.6939040349,-418.310392584515,1782.86159761573,144.354549725811,5548.76330852942,1230.56310814572,8834.70941026216,2749.66576069442
5,28634.9931575904,-28.4630330243336,29803.7380677869,4537.03879200464,29035.3816425261,7121.27928447277,121215.617436726,58638.3930067835,102131.379711196,92992.1828766289,85628.2402915501,103753.467325785
6,7083.77162500001,-334.078769230769,7337.62374038461,-953.305038461539,9073.64204807694,-2701.50659615384,25021.9732314124,22597.8300528598,19090.4588650795,17827.8892198452,19289.4094305782,19851.070060825
7,138.859525745257,0,1555.35753387534,-160.864376693767,3491.58279810298,-351.65608401084,2689.53368848979,0,11565.2618303688,1205.32885720442,16215.4770678858,2328.61342614448
