cluster2,Visa_cconsumos_lag1_mean,Visa_cconsumos_delta1_mean,Visa_cconsumos_lag3_mean,Visa_cconsumos_delta3_mean,Visa_cconsumos_lag6_mean,Visa_cconsumos_delta6_mean,Visa_cconsumos_lag1_std,Visa_cconsumos_delta1_std,Visa_cconsumos_lag3_std,Visa_cconsumos_delta3_std,Visa_cconsumos_lag6_std,Visa_cconsumos_delta6_std
1,8.50231481481482,-0.802083333333333,8.7662037037037,-1.21412037037037,9.16087962962963,-1.8912037037037,7.67110690044568,5.48875984595625,8.28034103647652,6.79985240548376,9.51760202153982,8.58707516929319
2,1.94339622641509,-0.00269541778975741,1.91913746630728,-1.00269541778976,4.34770889487871,-0.997304582210243,0.359471536875396,0.0519174131651165,2.09734331566261,0.116216300924475,6.19025946986215,0.0519174131651165
3,1.77871621621622,0,2.02533783783784,-1,4.94087837837838,-1,0.698090002784034,0,2.16205545979339,0,6.43132808625359,0
4,1.89640130861505,0.00109051254089422,1.99345692475463,-1.00327153762268,2.87786259541985,-1.03489640130862,0.452018911570633,0.0330229093341913,1.50398333602902,0.143984872246127,1.86097611691739,0.792213274594264
5,2.36848203939745,-0.565469293163384,3.71407879490151,-2.12543453070684,5.01013904982619,-2.54084588644264,3.48891072855559,2.59461381443514,6.06209527013589,4.80499736381227,7.55431688525164,5.75726622463666
6,2.07115384615385,-0.3125,2.80480769230769,-1.09423076923077,3.73942307692308,-1.93461538461538,2.38069202728174,1.76246761893544,3.54801737551511,3.21251843144784,4.66060669009679,4.42187599779752
7,1.92953929539295,0,1.93089430894309,-1,2.89430894308943,-1,0.516138521476564,0,1.42447858048598,0,2.11082243855594,0
