cluster2,Visa_msaldototal_lag1_mean,Visa_msaldototal_delta1_mean,Visa_msaldototal_lag3_mean,Visa_msaldototal_delta3_mean,Visa_msaldototal_lag6_mean,Visa_msaldototal_delta6_mean,Visa_msaldototal_lag1_std,Visa_msaldototal_delta1_std,Visa_msaldototal_lag3_std,Visa_msaldototal_delta3_std,Visa_msaldototal_lag6_std,Visa_msaldototal_delta6_std
1,28866.8789583334,-373.890243055556,27451.0089930556,901.917210648149,27087.6603587963,362.098101851852,57891.6472420116,29515.8310647994,49272.6888325933,47432.2389846879,50167.4967607297,50068.0910007678
2,1001.18501347708,-5.72460916442049,26957.3870619946,-14707.414393531,30278.3728301888,-18500.9809973046,16726.7053898172,88.8193366428232,94885.319028939,64913.2657918129,82343.9824310961,65313.8506137873
3,6576.67403716213,0,33715.2267567569,-219.079222972973,39687.3054054055,-95.0107094594595,51222.1272029517,0,125702.925081393,4363.7811789078,101886.205303332,1064.69033884344
4,5.64178844056722,-3.03157033805889,897.748331515817,-154.575038167939,1889.30727371864,-387.948876772083,1524.08421411914,123.239034918577,4749.8095388231,1054.70736716064,7569.40037709066,2411.73357414763
5,24650.4742381225,-231.691845307069,26115.8874044029,3269.25335747393,25783.4196060256,5442.77093858633,103825.804161715,50375.9884293199,90437.4027669567,74629.2153181757,77539.5015516253,85781.9687196264
6,6043.13013461537,-194.731451923078,6583.8015,-1048.84375961539,8152.97966346155,-2620.078625,21805.9213157171,19935.6247531119,16694.4488358799,15665.4909211008,17122.6020213685,17638.7049847282
7,115.46756097561,-0.111747967479675,1411.02590785909,-214.17027100271,3075.71150406504,-347.258902439024,2301.44190690331,3.03576265179754,10090.6336130164,2311.20879693354,13956.8603564978,2372.4309891969
