cluster2;ctrx_quarter.x;numero_de_cliente.x;mcaja_ahorro.x;mtarjeta_visa_consumo.x;mcuentas_saldo.x;ctarjeta_visa_transacciones.x;cpayroll_trx.x;mpayroll.x;mprestamos_personales.x;ctrx_quarter.y;numero_de_cliente.y;mcaja_ahorro.y;mtarjeta_visa_consumo.y;mcuentas_saldo.y;ctarjeta_visa_transacciones.y;cpayroll_trx.y;mpayroll.y;mprestamos_personales.y
1;72.9728915662651;25069163.7761044;30476.0103614457;24955.4939859438;50213.0969578314;10.7921686746988;0.127510040160643;10446.2346787149;6941.7818373494;83.2948523632968;13408927.1849968;156421.888995948;45115.1410322043;280344.11209758;10.4578589099569;0.489904333702511;66330.8291803023;39460.24181302
2;15;32304271.1506849;139.724315068493;0;-877.849999999995;0;0.00684931506849315;59.7589041095891;3720.50662100457;0;14236533.1496505;1052.48636068231;0;0;0;0.143345544770249;1250.66120901147;23012.2498180573
3;4.82352941176471;31836395.1923688;38.5634976152623;0;-140767.176009539;0;0.00158982511923688;48.5492845786964;11055.4303338633;9.0071991522339;13425235.313558;385.909957194204;0;357448.64191269;0;0.039872611141445;1217.60986273188;53245.6710440499
4;11.4032846715328;30639876.5912409;490.702664233577;0;-41593.2538321168;0;0.0191605839416058;400.608677007299;17988.4184215329;21.8327337540145;13592915.9346113;5232.52465433062;0;215038.274901344;0;0.250292299874491;5728.129959548;81703.0013123261
5;8.21166306695464;29294307.5464363;4544.28412526998;0;7497.38435205184;0;0.0453563714902808;1159.35325053996;11032.2813282937;12.5760181056398;13896272.8608708;44135.8977027475;0;83214.9323711951;0;0.369213967697789;10344.0740577665;78882.0866600669
6;31.6919104991394;29331129.6506024;1796.745232358;20.6814285714286;-164795.534974183;0.0172117039586919;0.17039586919105;6105.04628227195;43617.7364716007;48.7723397439811;13376009.185047;9542.82656564689;291.448642857786;314860.391615154;0.255383021876516;0.809566517628827;22943.4693381075;87967.3113004245
7;31.2252116082225;27183441.2064692;12031.765828295;1178.15409310762;33307.3808736397;0.934401451027811;0.097944377267231;16155.8813542926;11729.4703264813;40.8044271529485;13572499.8019213;51372.27989511;5320.39953271769;510448.401831116;3.68394407416841;0.549972103029874;437545.654822495;77404.6838794635
