cluster2;ctrx_quarter.x;numero_de_cliente.x;mcaja_ahorro.x;mtarjeta_visa_consumo.x;mcuentas_saldo.x;ctarjeta_visa_transacciones.x;cpayroll_trx.x;mpayroll.x;mprestamos_personales.x;ctrx_quarter.y;numero_de_cliente.y;mcaja_ahorro.y;mtarjeta_visa_consumo.y;mcuentas_saldo.y;ctarjeta_visa_transacciones.y;cpayroll_trx.y;mpayroll.y;mprestamos_personales.y
1;76.0054054054054;24871412.292973;30668.6890918918;25431.0122810811;50135.3227027028;11.1697297297297;0.123243243243243;9173.84438918919;6473.35362162162;86.5771993229825;13362506.9973571;161438.424537289;45760.5021254114;290340.708633138;10.5144897153639;0.465184260692896;55096.9879070569;35494.1473353152
2;14.9725274725275;32305160.5467033;60.6156318681319;0;-879.936456043955;0;0.00824175824175824;71.9076923076923;4154.89271978022;0.524142418360959;13631811.7693143;357.189542826436;0;39.8070442472598;0;0.157242725508288;1371.91133151471;24387.9183987529
3;5.09448818897638;31394876.7379078;131.150146231721;0;-100334.981574803;0;0.00337457817772778;38.3183914510686;11235.4211473566;8.39173653710899;13465037.7889669;766.714969167103;0;307388.899325265;0;0.0749615236549982;1030.87319615209;65806.1918209353
4;7.09060022650057;30863234.5118913;164.884847112118;11.7445413363533;-6860.22272933183;0.0135900339750849;0.00113250283125708;4.63759909399774;3281.10426953567;7.27222155387624;13712406.2773709;713.040615645527;167.430543508787;12807.2267781932;0.164395820908902;0.0336526794068032;137.807722170859;16283.3303772878
5;35.2521604938272;27080783.1006173;12709.7537098765;1610.45166975309;27957.8303919752;1.07530864197531;0.115432098765432;17581.3395061728;20842.7694382716;44.7922479044075;13377379.5750022;50231.4181431867;7899.25500845017;528098.092752096;3.97008047273285;0.61694413555651;442668.931104194;96315.4794415337
6;18.9530516431925;30811287.2018779;169.736408450704;26.0191314553991;-235347.030868545;0.0469483568075117;0.0751173708920188;1247.92211267606;38071.7789671361;27.0434535313236;13637065.6819796;2092.01114448691;453.50526270707;366006.24813338;0.765523324059853;0.624210078007218;9061.0794928603;97874.1741336019
7;12.2349639133921;28885751.3496391;4912.32761828389;1.61773055332799;-3407.26726543706;0.00160384923817161;0.0721732157177225;2340.96386527667;4359.87632718525;13.757360661489;14294445.9116643;46574.4740587347;52.719182117556;95501.3422168804;0.0400320126866751;0.412003298488998;15471.8043536076;32227.268569295
