cluster2;ctrx_quarter.x;numero_de_cliente.x;mcaja_ahorro.x;mtarjeta_visa_consumo.x;mcuentas_saldo.x;ctarjeta_visa_transacciones.x;cpayroll_trx.x;mpayroll.x;mprestamos_personales.x;ctrx_quarter.y;numero_de_cliente.y;mcaja_ahorro.y;mtarjeta_visa_consumo.y;mcuentas_saldo.y;ctarjeta_visa_transacciones.y;cpayroll_trx.y;mpayroll.y;mprestamos_personales.y
1;79.784793814433;24502824.7255155;34493.6636469072;26581.8780412371;56548.2179768042;11.7744845360825;0.119845360824742;9766.18989690722;7558.56971649485;91.3467908970164;13453294.7807752;175665.685824239;45334.7459125271;312448.642710091;10.894303619179;0.454162655874912;59219.8324033275;41216.6931247224
2;14.9524940617577;32431445.2541568;129.169857482185;0;-902.637458432299;0;0.00712589073634204;62.1719714964371;3501.45610451306;0.677969449436636;14238812.1661519;1054.63642750994;0;350.200810874413;0;0.146211053648574;1275.66220087308;22404.474447197
3;6.17348377997179;29998708.9464034;170.826234132581;0;-130557.611777151;0;0.00564174894217207;87.4793935119887;14503.5896050776;9.24140014759359;13379998.2624485;854.032428184186;0;351722.126784821;0;0.0918841770022323;1449.91061049473;76327.7359558709
4;6.73748308525034;31639297.8294993;295.904857916103;0.831041948579161;-7600.56182679297;0.0027063599458728;0.0040595399188092;29.3099188092016;5901.56815967524;7.33380188068372;13762364.7278861;2856.17800662233;22.5915050915251;55041.9679506976;0.073571189277771;0.0636281262934451;504.181161761924;60456.5639876936
5;26.0944444444444;27835764.3736111;10481.6302604167;224.087055555556;-6963.55563541666;0.138541666666667;0.107291666666667;7319.60259722222;19171.8635347222;36.5194677089839;13538648.3881767;50984.7109062747;2463.12894130364;339496.70717765;1.04263437740474;0.601562996908669;122426.734135568;96430.3159678374
6;35.3463488843813;27176467.5141988;9454.48053245436;3798.93480730223;7266.65032961464;2.18661257606491;0.101419878296146;20377.5207606491;16100.0119979716;45.0139864600195;13325672.7608493;42506.9454915519;16803.6266424053;578129.742088348;5.5379932411039;0.551606676988974;548050.62672707;55799.9780548452
7;3.50943396226415;32993589.7672956;79.2155555555556;0;-5697.82951781971;0;0.010482180293501;23.3336897274633;1307.3301048218;5.33168890800104;14463730.5042483;327.321924935759;0;11431.3001091647;0;0.12081297702269;318.013397457415;8514.09435349021
